TTT,383
TTC,210
TTA,232
TTG,178
TCT,190
TCC,75
TCA,173
TCG,34
TAT,278
TAC,227
TAA,342
TAG,128
TGT,367
TGC,268
TGA,304
TGG,263
CTT,208
CTC,78
CTA,110
CTG,80
CCT,107
CCC,42
CCA,115
CCG,28
CAT,172
CAC,160
CAA,233
CAG,92
CGT,54
CGC,40
CGA,31
CGG,33
ATT,208
ATC,112
ATA,116
ATG,117
ACT,220
ACC,150
ACA,249
ACG,60
AAT,260
AAC,212
AAA,303
AAG,110
AGT,197
AGC,141
AGA,277
AGG,123
GTT,233
GTC,101
GTA,121
GTG,93
GCT,169
GCC,68
GCA,116
GCG,22
GAT,167
GAC,123
GAA,186
GAG,84
GGT,149
GGC,84
GGA,112
GGG,49
